chi	tenetc_seconds	tenetc_p25_seconds	tenetc_p75_seconds	tenetc_err	tenetc_status
32	1.404854465	1.404047860	1.405366635	3.358660678e-05	measured
48	1.719294390	1.718513084	1.719433049	2.748012614e-05	measured
64	2.109899377	2.109181611	2.113542198	1.333142614e-05	measured
96	2.491734957	2.491423183	2.492149972	7.170901403e-06	measured
128	2.830715953	2.830250105	2.831307710	6.676831840e-06	measured
192	3.331686799	3.328526182	3.333416670	4.229484517e-06	measured
256	4.234532225	4.230962572	4.237985704	3.848479240e-06	measured
384	7.143337589	7.140214682	7.143936666	2.807550192e-06	measured
