chi	tenet_branch	tenet_commit	tenet_method	tenet_mode	tenet_backend	tenet_device	tenet_eltype	tenet_seconds	tenet_p25_seconds	tenet_p75_seconds	tenet_err	tenet_free_energy_abs_error	tenetc_backend	tenetc_device	tenetc_eltype	tenetc_seconds	tenetc_p25_seconds	tenetc_p75_seconds	tenetc_err	speedup_tenet_over_tenetc	run_id	status
32	iPEPS-unified	a4bfff01bc898728b5b6af136f50e420aeeac5bc	simple_eig	general	cuda	NVIDIA_H100	Float64	16.987716782	16.850893366	16.995774093	2.020377103e-05	5.887599253e-08	cuda	NVIDIA_H100	Float64	1.404854465	1.404047860	1.405366635	3.358660678e-05	12.092154173	run-64f60d92fdcb	measured
48	iPEPS-unified	a4bfff01bc898728b5b6af136f50e420aeeac5bc	simple_eig	general	cuda	NVIDIA_H100	Float64	17.306478230	17.253643120	17.320752472	6.763892008e-06	6.730328339e-08	cuda	NVIDIA_H100	Float64	1.719294390	1.718513084	1.719433049	2.748012614e-05	10.066035422	run-1a5c19416816	measured
64	iPEPS-unified	a4bfff01bc898728b5b6af136f50e420aeeac5bc	simple_eig	general	cuda	NVIDIA_H100	Float64	17.734378305	17.700604441	17.755472048	1.528126138e-05	5.552152027e-08	cuda	NVIDIA_H100	Float64	2.109899377	2.109181611	2.113542198	1.333142614e-05	8.405319466	run-d607011acacb	measured
96	iPEPS-unified	a4bfff01bc898728b5b6af136f50e420aeeac5bc	simple_eig	general	cuda	NVIDIA_H100	Float64	17.928481035	17.901736942	17.975832759	1.215466769e-05	5.596704655e-08	cuda	NVIDIA_H100	Float64	2.491734957	2.491423183	2.492149972	7.170901403e-06	7.195179802	run-279bfc36172c	measured
128	iPEPS-unified	a4bfff01bc898728b5b6af136f50e420aeeac5bc	simple_eig	general	cuda	NVIDIA_H100	Float64	18.124030597	18.078860580	18.145047968	5.322025193e-06	5.328459318e-08	cuda	NVIDIA_H100	Float64	2.830715953	2.830250105	2.831307710	6.676831840e-06	6.402631312	run-c2af6466687a	measured
