chi	tenetc_seconds	tenetc_p25_seconds	tenetc_p75_seconds	tenetc_err	tenetc_status
64	2.188001322	2.187010965	2.189780460	1.333142614e-05	measured
128	2.948596766	2.946694632	2.953533901	6.676831840e-06	measured
256	4.467241919	4.464753799	4.469333990	3.674083999e-06	measured
